{
  "Ansi 0 Color" : {
    "Red Component" : 0.396078431372549,
    "Color Space" : "sRGB",
    "Blue Component" : 0.40784313725490196,
    "Alpha Component" : 1,
    "Green Component" : 0.40000000000000002
  },
  "Ansi 15 Color (Dark)" : {
    "Red Component" : 0.96078431372549022,
    "Color Space" : "P3",
    "Blue Component" : 0.96078431372549022,
    "Alpha Component" : 1,
    "Green Component" : 0.96078431372549022
  },
  "Foreground Color (Dark)" : {
    "Red Component" : 0.89411764705882357,
    "Color Space" : "P3",
    "Blue Component" : 0.89411764705882357,
    "Alpha Component" : 1,
    "Green Component" : 0.89411764705882357
  },
  "Cursor Text Color" : {
    "Red Component" : 0.98431372549019602,
    "Color Space" : "sRGB",
    "Blue Component" : 0.91764705882352937,
    "Alpha Component" : 1,
    "Green Component" : 0.95686274509803926
  },
  "Smart Cursor Color" : false,
  "Prompt Before Closing 2" : false,
  "Ansi 3 Color (Dark)" : {
    "Red Component" : 1,
    "Color Space" : "P3",
    "Blue Component" : 0.20000000000000001,
    "Alpha Component" : 1,
    "Green Component" : 0.8666666666666667
  },
  "Ansi 12 Color (Dark)" : {
    "Red Component" : 0.33725490196078434,
    "Color Space" : "P3",
    "Blue Component" : 0.45098039215686275,
    "Alpha Component" : 1,
    "Green Component" : 0.37254901960784315
  },
  "Underline Color (Light)" : {
    "Red Component" : 1,
    "Color Space" : "P3",
    "Blue Component" : 0.20000000000000001,
    "Alpha Component" : 1,
    "Green Component" : 0.8666666666666667
  },
  "Mouse Reporting" : true,
  "Use Underline Color (Light)" : true,
  "Disable Window Resizing" : true,
  "BM Growl" : true,
  "Background Color (Dark)" : {
    "Red Component" : 0.094117647058823528,
    "Color Space" : "P3",
    "Blue Component" : 0.094117647058823528,
    "Alpha Component" : 1,
    "Green Component" : 0.094117647058823528
  },
  "Guid" : "2FBCA71E-6B7B-49BA-B013-6645AD7F31C7",
  "Cursor Color (Dark)" : {
    "Red Component" : 1,
    "Color Space" : "P3",
    "Blue Component" : 0.20000000000000001,
    "Alpha Component" : 1,
    "Green Component" : 0.8666666666666667
  },
  "Selection Color (Dark)" : {
    "Red Component" : 1,
    "Color Space" : "P3",
    "Blue Component" : 1,
    "Alpha Component" : 1,
    "Green Component" : 1
  },
  "Only The Default BG Color Uses Transparency" : true,
  "Scrollback Lines" : 0,
  "Badge Color (Dark)" : {
    "Red Component" : 1,
    "Color Space" : "sRGB",
    "Blue Component" : 0,
    "Alpha Component" : 0.5,
    "Green Component" : 0.1491314172744751
  },
  "Ansi 0 Color (Dark)" : {
    "Red Component" : 0.094117647058823528,
    "Color Space" : "P3",
    "Blue Component" : 0.094117647058823528,
    "Alpha Component" : 1,
    "Green Component" : 0.094117647058823528
  },
  "Transparency" : 0,
  "Bound Hosts" : [

  ],
  "Tab Color (Dark)" : {
    "Red Component" : 0.62352941176470589,
    "Color Space" : "sRGB",
    "Blue Component" : 0.72156862745098038,
    "Alpha Component" : 1,
    "Green Component" : 0.65098039215686276
  },
  "Use Bright Bold" : true,
  "Horizontal Spacing" : 1,
  "Ansi 13 Color (Light)" : {
    "Green Component" : 0.3333333432674408,
    "Red Component" : 1,
    "Blue Component" : 1
  },
  "Blur" : true,
  "Ansi 13 Color" : {
    "Green Component" : 0.0078431372549019607,
    "Blue Component" : 0.37254901960784315,
    "Red Component" : 0.52941176470588236
  },
  "Ansi 2 Color (Dark)" : {
    "Red Component" : 0.45098039215686275,
    "Color Space" : "P3",
    "Blue Component" : 0.21176470588235294,
    "Alpha Component" : 1,
    "Green Component" : 0.85098039215686272
  },
  "Cursor Color" : {
    "Red Component" : 0.83137254901960789,
    "Color Space" : "sRGB",
    "Blue Component" : 0.40784313725490196,
    "Alpha Component" : 1,
    "Green Component" : 0.34509803921568627
  },
  "Use Cursor Guide (Light)" : false,
  "Option Key Sends" : 0,
  "Idle Code" : 0,
  "Ansi 13 Color (Dark)" : {
    "Red Component" : 0.68627450980392157,
    "Color Space" : "P3",
    "Blue Component" : 0.84313725490196079,
    "Alpha Component" : 1,
    "Green Component" : 0.68627450980392157
  },
  "Send Code When Idle" : false,
  "Selection Color" : {
    "Red Component" : 1,
    "Color Space" : "sRGB",
    "Blue Component" : 0.62745098039215685,
    "Alpha Component" : 1,
    "Green Component" : 0.87450980392156863
  },
  "Terminal Type" : "xterm-256color",
  "Cursor Boost (Dark)" : 0,
  "Right Option Key Sends" : 0,
  "Background Color" : {
    "Red Component" : 0.98431372549019602,
    "Color Space" : "sRGB",
    "Blue Component" : 0.98431372549019602,
    "Alpha Component" : 1,
    "Green Component" : 0.98431372549019602
  },
  "Tab Color" : {
    "Red Component" : 0.62352941176470589,
    "Color Space" : "sRGB",
    "Blue Component" : 0.72156862745098038,
    "Alpha Component" : 1,
    "Green Component" : 0.65098039215686276
  },
  "Ansi 10 Color (Dark)" : {
    "Red Component" : 0.45098039215686275,
    "Color Space" : "P3",
    "Blue Component" : 0.21176470588235294,
    "Alpha Component" : 1,
    "Green Component" : 0.85098039215686272
  },
  "Ansi 10 Color" : {
    "Green Component" : 0.37254901960784315,
    "Blue Component" : 0,
    "Red Component" : 0
  },
  "Vertical Spacing" : 1,
  "Use Tab Color (Light)" : false,
  "Columns" : 80,
  "Ansi 2 Color (Light)" : {
    "Red Component" : 0.45098039215686275,
    "Color Space" : "P3",
    "Blue Component" : 0.21176470588235294,
    "Alpha Component" : 1,
    "Green Component" : 0.78823529411764703
  },
  "Screen" : -1,
  "Cursor Text Color (Dark)" : {
    "Green Component" : 1,
    "Red Component" : 1,
    "Blue Component" : 1
  },
  "Description" : "Default",
  "Unlimited Scrollback" : true,
  "Use Italic Font" : true,
  "Working Directory" : "\/Users\/s9t\/Developer",
  "Selected Text Color (Dark)" : {
    "Red Component" : 0.32156862745098042,
    "Color Space" : "P3",
    "Blue Component" : 0.30588235294117649,
    "Alpha Component" : 1,
    "Green Component" : 0.28627450980392155
  },
  "Use Cursor Guide (Dark)" : false,
  "Visual Bell" : true,
  "Link Color (Light)" : {
    "Red Component" : 0.61960784313725492,
    "Color Space" : "P3",
    "Blue Component" : 0.7803921568627451,
    "Alpha Component" : 1,
    "Green Component" : 0.58431372549019611
  },
  "Ansi 1 Color (Dark)" : {
    "Red Component" : 0.95686274509803926,
    "Color Space" : "P3",
    "Blue Component" : 0.25490196078431371,
    "Alpha Component" : 1,
    "Green Component" : 0.2196078431372549
  },
  "Default Bookmark" : "No",
  "Ansi 14 Color (Light)" : {
    "Green Component" : 1,
    "Red Component" : 0.3333333432674408,
    "Blue Component" : 1
  },
  "Ansi 7 Color (Light)" : {
    "Red Component" : 0.89411764705882357,
    "Color Space" : "P3",
    "Blue Component" : 0.93725490196078431,
    "Alpha Component" : 1,
    "Green Component" : 0.89411764705882357
  },
  "Ansi 3 Color (Light)" : {
    "Red Component" : 1,
    "Color Space" : "P3",
    "Blue Component" : 0.20000000000000001,
    "Alpha Component" : 1,
    "Green Component" : 0.8666666666666667
  },
  "Ansi 9 Color (Dark)" : {
    "Red Component" : 1,
    "Color Space" : "P3",
    "Blue Component" : 0.34509803921568627,
    "Alpha Component" : 1,
    "Green Component" : 0.30980392156862746
  },
  "Badge Color (Light)" : {
    "Red Component" : 1,
    "Color Space" : "sRGB",
    "Blue Component" : 0,
    "Alpha Component" : 0.5,
    "Green Component" : 0.1491314172744751
  },
  "Ansi 14 Color (Dark)" : {
    "Red Component" : 0.58431372549019611,
    "Color Space" : "P3",
    "Blue Component" : 0.62352941176470589,
    "Alpha Component" : 1,
    "Green Component" : 0.66274509803921566
  },
  "Tags" : [

  ],
  "Link Color (Dark)" : {
    "Red Component" : 0,
    "Color Space" : "sRGB",
    "Blue Component" : 0.73423302173614502,
    "Alpha Component" : 1,
    "Green Component" : 0.35916060209274292
  },
  "Custom Command" : "No",